CustomerID,Age,Sex,Job,Housing,SavingAccounts,CheckingAccount,CreditAmount,Duration,Purpose,RiskLevel
1,67,male,2,own,NA,little,1169,6,radio/TV,High Risk
2,22,female,2,own,little,moderate,5951,48,radio/TV,Low Risk
3,49,male,1,own,little,NA,2096,12,education,High Risk
4,45,male,2,free,little,little,7882,42,furniture/equipment,Low Risk
5,53,male,2,free,little,little,4870,24,car,High Risk
6,35,male,1,free,NA,NA,9055,36,education,Low Risk
7,53,male,2,own,quite rich,NA,2835,24,furniture/equipment,High Risk
8,35,male,3,rent,little,moderate,6948,36,car,Low Risk
9,61,male,1,own,rich,NA,3059,12,radio/TV,High Risk
10,28,male,3,own,little,moderate,5234,30,car,Low Risk
11,25,female,2,rent,little,moderate,1295,12,car,High Risk
12,24,female,2,rent,little,little,4308,48,business,Low Risk
13,22,female,2,own,little,moderate,1567,12,radio/TV,Low Risk
14,60,male,1,own,little,little,1199,24,car,Low Risk
15,28,female,2,rent,little,little,1403,15,car,Low Risk
16,32,female,1,own,moderate,little,1282,24,radio/TV,Low Risk
17,53,male,2,own,NA,NA,2424,24,radio/TV,Low Risk
18,25,male,2,own,NA,little,8072,30,business,Low Risk
19,44,female,3,free,little,moderate,12579,24,car,High Risk
20,31,male,2,own,quite rich,NA,3430,24,radio/TV,High Risk
21,48,male,2,own,little,NA,2134,9,car,Low Risk
22,44,male,2,rent,quite rich,little,2647,6,radio/TV,Low Risk
23,48,male,1,rent,little,little,2241,10,car,Low Risk
24,44,male,2,own,moderate,moderate,1804,12,car,Low Risk
25,26,male,2,own,NA,NA,2069,10,furniture/equipment,Low Risk
26,36,male,1,own,little,little,1374,6,furniture/equipment,Low Risk
27,39,male,1,own,little,NA,426,6,radio/TV,Low Risk
28,42,female,2,rent,rich,rich,409,12,radio/TV,Low Risk
29,34,male,2,own,little,moderate,2415,7,radio/TV,Low Risk
30,63,male,2,own,little,little,6836,60,business,Low Risk
31,36,male,2,own,rich,moderate,1913,18,business,High Risk
32,27,male,2,own,little,little,4020,24,furniture/equipment,Low Risk
33,30,male,2,own,moderate,moderate,5866,18,car,Low Risk
34,57,male,1,rent,NA,NA,1264,12,business,High Risk
35,33,female,3,own,little,rich,1474,12,furniture/equipment,Low Risk
36,25,male,1,own,little,moderate,4746,45,radio/TV,Low Risk
37,31,male,2,free,little,NA,6110,48,education,Low Risk
38,37,male,2,own,little,rich,2100,18,radio/TV,High Risk
39,37,male,2,own,little,rich,1225,10,domestic appliances,Low Risk
40,24,male,2,own,little,moderate,458,9,radio/TV,Low Risk
41,30,male,3,own,quite rich,NA,2333,30,radio/TV,Low Risk
42,26,male,2,own,quite rich,moderate,1158,12,radio/TV,Low Risk
43,44,male,1,own,little,moderate,6204,18,repairs,Low Risk
44,24,male,2,rent,moderate,little,6187,30,car,High Risk
45,58,female,1,free,little,little,6143,48,car,High Risk
46,35,female,3,own,little,NA,1393,11,car,High Risk
47,39,male,2,own,quite rich,NA,2299,36,radio/TV,Low Risk
48,23,female,0,rent,quite rich,little,1352,6,car,Low Risk
49,39,male,1,own,little,NA,7228,11,car,Low Risk
50,28,female,2,own,moderate,NA,2073,12,radio/TV,High Risk
51,29,male,1,own,NA,moderate,2333,24,furniture/equipment,Low Risk
52,30,male,3,own,little,moderate,5965,27,car,Low Risk
53,25,male,2,own,little,NA,1262,12,radio/TV,High Risk
54,31,male,2,own,NA,NA,3378,18,car,Low Risk
55,57,male,2,free,little,moderate,2225,36,car,Low Risk
56,26,male,1,own,NA,NA,783,6,car,Low Risk
57,52,male,3,own,NA,moderate,6468,12,radio/TV,Low Risk
58,31,female,2,own,little,NA,9566,36,radio/TV,High Risk
59,23,female,3,own,little,rich,1961,18,car,High Risk
60,23,female,1,rent,little,little,6229,36,furniture/equipment,Low Risk
61,27,male,2,own,little,moderate,1391,9,business,High Risk
62,50,male,2,own,NA,moderate,1537,15,radio/TV,Low Risk
63,61,male,3,free,little,moderate,1953,36,business,Low Risk
64,25,male,2,own,little,moderate,14421,48,business,Low Risk
65,26,female,2,own,little,NA,3181,24,radio/TV,High Risk
66,48,male,2,own,NA,NA,5190,27,repairs,Low Risk
67,29,female,2,own,little,NA,2171,12,radio/TV,High Risk
68,22,male,2,own,rich,moderate,1007,12,car,Low Risk
69,37,male,2,free,little,NA,1819,36,education,Low Risk
70,25,female,2,own,NA,NA,2394,36,radio/TV,Low Risk
71,30,female,2,own,little,NA,8133,36,car,Low Risk
72,46,male,1,rent,NA,NA,730,7,radio/TV,High Risk
73,51,male,3,free,little,little,1164,8,vacation/others,Low Risk
74,41,female,1,own,little,moderate,5954,42,business,Low Risk
75,40,male,3,own,NA,little,1977,36,education,High Risk
76,66,male,3,free,little,little,1526,12,car,Low Risk
77,34,male,2,own,little,little,3965,42,radio/TV,Low Risk
78,51,male,2,own,little,moderate,4771,11,radio/TV,Low Risk
79,39,male,1,own,NA,NA,9436,54,car,Low Risk
80,22,male,2,own,little,moderate,3832,30,furniture/equipment,High Risk
81,44,female,2,own,NA,NA,5943,24,radio/TV,Low Risk
82,47,male,2,own,quite rich,NA,1213,15,radio/TV,High Risk
83,24,female,1,rent,moderate,NA,1568,18,business,Low Risk
84,58,female,1,own,little,little,1755,24,vacation/others,Low Risk
85,52,male,1,own,little,little,2315,10,radio/TV,Low Risk
86,29,female,3,own,little,NA,1412,12,business,Low Risk
87,27,female,2,own,little,moderate,1295,18,furniture/equipment,Low Risk
88,47,male,2,free,moderate,moderate,12612,36,education,Low Risk
89,30,male,3,own,moderate,little,2249,18,car,High Risk
90,28,male,2,own,little,little,1108,12,repairs,Low Risk
91,56,male,2,own,little,NA,618,12,radio/TV,Low Risk
92,54,male,2,own,little,little,1409,12,car,Low Risk
93,33,female,1,own,NA,NA,797,12,radio/TV,Low Risk
94,20,male,2,rent,NA,rich,3617,24,furniture/equipment,Low Risk
95,54,male,2,own,rich,moderate,1318,12,car,Low Risk
96,58,male,2,rent,little,moderate,15945,54,business,Low Risk
97,61,female,2,own,NA,NA,2012,12,education,High Risk
98,34,male,2,own,moderate,moderate,2622,18,business,Low Risk
99,36,male,2,own,little,moderate,2337,36,radio/TV,Low Risk
100,36,male,3,rent,NA,moderate,7057,20,car,Low Risk
101,41,male,1,rent,moderate,NA,1469,24,car,High Risk
102,24,male,2,rent,little,moderate,2323,36,radio/TV,Low Risk
103,24,female,2,own,little,NA,932,6,radio/TV,Low Risk
104,35,male,2,rent,little,moderate,1919,9,furniture/equipment,Low Risk
105,26,male,2,rent,NA,NA,2445,12,car,Low Risk
106,39,male,3,own,little,moderate,11938,24,vacation/others,Low Risk
107,39,male,3,own,little,NA,6458,18,car,High Risk
108,32,male,2,own,little,moderate,6078,12,car,High Risk
109,30,female,2,own,NA,little,7721,24,furniture/equipment,High Risk
110,35,male,2,own,quite rich,moderate,1410,14,business,High Risk
111,31,male,2,own,moderate,moderate,1449,6,business,Low Risk
112,23,female,2,rent,little,rich,392,15,education,Low Risk
113,28,male,1,rent,little,moderate,6260,18,car,Low Risk
114,25,female,2,own,little,NA,7855,36,car,High Risk
115,35,male,2,own,quite rich,little,1680,12,radio/TV,High Risk
116,47,male,2,own,NA,NA,3578,48,radio/TV,Low Risk
117,30,female,3,own,NA,little,7174,42,radio/TV,Low Risk
118,27,female,2,rent,NA,little,2132,10,furniture/equipment,High Risk
119,23,female,2,own,quite rich,little,4281,33,furniture/equipment,Low Risk
120,36,male,3,own,quite rich,moderate,2366,12,car,Low Risk
121,25,female,2,own,little,little,1835,21,radio/TV,Low Risk
122,41,female,3,rent,little,NA,3868,24,car,Low Risk
123,24,male,1,rent,little,NA,1768,12,furniture/equipment,Low Risk
124,63,male,2,free,little,rich,781,10,car,Low Risk
125,27,female,2,rent,NA,moderate,1924,18,furniture/equipment,Low Risk
126,30,male,2,own,little,little,2121,12,car,Low Risk
127,40,male,1,own,little,little,701,12,radio/TV,Low Risk
128,30,male,2,own,little,moderate,639,12,repairs,Low Risk
129,34,male,3,own,little,moderate,1860,12,car,Low Risk
130,29,female,2,own,little,little,3499,12,car,Low Risk
131,24,female,2,own,NA,moderate,8487,48,car,Low Risk
132,29,male,2,own,little,little,6887,36,education,High Risk
133,27,male,1,own,little,NA,2708,15,furniture/equipment,High Risk
134,47,male,2,free,little,NA,1984,18,furniture/equipment,Low Risk
135,21,female,2,own,moderate,NA,10144,60,radio/TV,Low Risk
136,38,female,2,own,NA,NA,1240,12,radio/TV,High Risk
137,27,male,2,own,rich,NA,8613,27,car,Low Risk
138,66,male,1,own,quite rich,moderate,766,12,radio/TV,High Risk
139,35,male,2,own,NA,moderate,2728,15,radio/TV,Low Risk
140,44,female,1,rent,little,rich,1881,12,radio/TV,Low Risk
141,27,male,0,own,rich,rich,709,6,car,Low Risk
142,30,female,3,own,little,moderate,4795,36,radio/TV,Low Risk
143,27,male,3,own,little,little,3416,27,radio/TV,Low Risk
144,22,male,2,own,little,little,2462,18,furniture/equipment,Low Risk
145,23,female,2,own,little,NA,2288,21,furniture/equipment,Low Risk
146,30,male,2,own,moderate,moderate,3566,48,business,Low Risk
147,39,female,2,own,little,little,860,6,car,Low Risk
148,51,female,2,own,moderate,NA,682,12,car,Low Risk
149,28,male,2,own,little,little,5371,36,furniture/equipment,Low Risk
150,46,male,2,own,rich,NA,1582,18,radio/TV,High Risk
151,42,male,2,free,moderate,NA,1346,6,radio/TV,Low Risk
152,38,male,2,own,little,NA,1924,10,radio/TV,Low Risk
153,24,male,2,own,little,rich,5848,36,radio/TV,Low Risk
154,29,female,2,rent,rich,moderate,7758,24,car,High Risk
155,36,male,3,rent,moderate,moderate,6967,24,business,High Risk
156,20,female,2,rent,little,little,1282,12,furniture/equipment,High Risk
157,48,male,2,own,moderate,little,1288,9,repairs,Low Risk
158,45,male,1,own,little,little,339,12,education,Low Risk
159,38,male,2,own,moderate,moderate,3512,24,car,Low Risk
160,34,male,1,own,NA,NA,1898,6,radio/TV,Low Risk
161,36,male,2,own,moderate,NA,2872,24,radio/TV,Low Risk
162,30,female,2,own,little,NA,1055,18,car,Low Risk
163,36,male,2,own,quite rich,NA,1262,15,domestic appliances,Low Risk
164,70,male,3,free,little,moderate,7308,10,car,Low Risk
165,36,male,2,own,quite rich,NA,909,36,car,High Risk
166,32,male,2,own,quite rich,NA,2978,6,furniture/equipment,Low Risk
167,33,female,2,own,little,little,1131,18,furniture/equipment,Low Risk
168,20,female,2,own,rich,moderate,1577,11,furniture/equipment,Low Risk
169,25,female,2,rent,little,NA,3972,24,furniture/equipment,Low Risk
170,31,male,2,own,little,moderate,1935,24,business,Low Risk
171,33,male,2,rent,little,little,950,15,car,Low Risk
172,26,female,2,own,little,NA,763,12,furniture/equipment,Low Risk
173,34,female,3,own,little,moderate,2064,24,furniture/equipment,Low Risk
174,33,male,2,own,little,moderate,1414,8,radio/TV,Low Risk
175,26,male,2,own,little,little,3414,21,education,Low Risk
176,53,female,3,own,NA,NA,7485,30,car,Low Risk
177,42,male,2,own,little,little,2577,12,furniture/equipment,High Risk
178,52,male,2,own,quite rich,little,338,6,radio/TV,Low Risk
179,31,male,3,rent,little,NA,1963,12,radio/TV,Low Risk
180,65,male,2,own,little,little,571,21,car,Low Risk
181,28,male,2,own,little,NA,9572,36,business,Low Risk
182,30,male,3,own,little,moderate,4455,36,business,High Risk
183,40,male,1,own,NA,little,1647,21,car,Low Risk
184,50,male,2,own,rich,NA,3777,24,furniture/equipment,Low Risk
185,36,male,2,own,little,moderate,884,18,car,Low Risk
186,31,male,2,own,little,NA,1360,15,radio/TV,Low Risk
187,74,female,3,free,little,moderate,5129,9,car,Low Risk
188,68,male,0,free,little,moderate,1175,16,car,High Risk
189,20,male,2,own,moderate,little,674,12,radio/TV,Low Risk
190,33,female,2,own,little,moderate,3244,18,furniture/equipment,Low Risk
191,54,male,3,own,rich,NA,4591,24,business,Low Risk
192,34,male,1,free,moderate,moderate,3844,48,business,Low Risk
193,36,male,2,own,little,moderate,3915,27,business,Low Risk
194,29,male,2,rent,little,NA,2108,6,radio/TV,Low Risk
195,21,male,2,rent,moderate,moderate,3031,45,radio/TV,Low Risk
196,34,female,3,own,little,moderate,1501,9,education,Low Risk
197,28,female,2,own,little,NA,1382,6,radio/TV,Low Risk
198,27,female,2,rent,moderate,moderate,951,12,furniture/equipment,Low Risk
199,36,male,2,free,NA,moderate,2760,24,car,Low Risk
200,40,male,3,own,little,moderate,4297,18,furniture/equipment,Low Risk
201,52,male,2,own,quite rich,NA,936,9,education,Low Risk
202,27,male,1,own,little,little,1168,12,car,Low Risk
203,26,male,2,own,little,NA,5117,27,business,Low Risk
204,21,male,2,rent,little,little,902,12,education,High Risk
205,38,male,1,own,little,NA,1495,12,car,Low Risk
206,38,male,3,free,little,little,10623,30,car,Low Risk
207,43,male,2,own,little,NA,1935,12,furniture/equipment,High Risk
208,26,male,2,own,little,moderate,1424,12,domestic appliances,Low Risk
209,21,male,1,own,little,little,6568,24,business,Low Risk
210,55,male,2,own,rich,NA,1413,12,car,High Risk
211,33,male,2,own,NA,NA,3074,9,radio/TV,Low Risk
212,45,female,1,own,NA,NA,3835,36,radio/TV,Low Risk
213,50,male,2,own,little,little,5293,27,business,Low Risk
214,66,male,3,own,little,rich,1908,30,business,High Risk
215,51,male,2,own,NA,NA,3342,36,radio/TV,Low Risk
216,39,female,1,own,NA,moderate,932,6,education,Low Risk
217,31,male,2,own,little,little,3104,18,business,Low Risk
218,23,male,2,own,little,rich,3913,36,radio/TV,Low Risk
219,24,male,1,rent,little,little,3021,24,furniture/equipment,Low Risk
220,64,female,2,own,little,NA,1364,10,car,Low Risk
221,26,male,1,own,little,moderate,625,12,radio/TV,Low Risk
222,23,female,2,rent,NA,little,1200,12,education,Low Risk
223,30,male,2,own,little,NA,707,12,radio/TV,Low Risk
224,32,male,2,own,NA,NA,2978,24,business,Low Risk
225,30,male,2,own,little,NA,4657,15,car,Low Risk
226,27,male,2,own,little,NA,2613,36,repairs,Low Risk
227,27,male,2,own,rich,moderate,10961,48,radio/TV,Low Risk
228,53,male,3,free,little,little,7865,12,furniture/equipment,High Risk
229,22,male,2,own,little,NA,1478,9,radio/TV,High Risk
230,22,male,2,free,little,little,3149,24,furniture/equipment,Low Risk
231,26,male,2,own,little,rich,4210,36,radio/TV,Low Risk
232,51,male,1,free,quite rich,NA,2507,9,car,Low Risk
233,35,male,2,own,moderate,NA,2141,12,radio/TV,Low Risk
234,25,male,1,own,little,moderate,866,18,radio/TV,Low Risk
235,42,male,1,own,little,NA,1544,4,radio/TV,Low Risk
236,30,male,3,own,little,little,1823,24,radio/TV,Low Risk
237,23,male,0,own,NA,moderate,14555,6,car,Low Risk
238,61,male,1,rent,moderate,moderate,2767,21,business,High Risk
239,35,female,2,own,little,NA,1291,12,radio/TV,Low Risk
240,39,male,2,own,little,little,2522,30,radio/TV,Low Risk
241,29,female,2,own,NA,little,915,24,car,Low Risk
242,51,male,2,own,little,NA,1595,6,radio/TV,Low Risk
243,24,male,2,free,little,little,4605,48,car,Low Risk
244,27,female,2,own,little,NA,1185,12,business,Low Risk
245,35,female,1,own,quite rich,NA,3447,12,education,Low Risk
246,25,male,2,own,little,NA,1258,24,business,Low Risk
247,52,male,2,own,little,NA,717,12,radio/TV,Low Risk
248,35,male,2,rent,moderate,NA,1204,6,car,Low Risk
249,26,male,2,own,little,rich,1925,24,furniture/equipment,Low Risk
250,22,female,2,rent,little,NA,433,18,radio/TV,Low Risk
251,39,female,1,own,rich,little,666,6,car,Low Risk
252,46,female,1,own,little,rich,2251,12,furniture/equipment,Low Risk
253,24,female,2,own,little,moderate,2150,30,car,Low Risk
254,35,male,2,own,moderate,NA,4151,24,furniture/equipment,Low Risk
255,24,male,2,own,NA,moderate,2030,9,furniture/equipment,Low Risk
256,27,male,1,own,NA,moderate,7418,60,radio/TV,Low Risk
257,35,male,1,own,little,NA,2684,24,radio/TV,High Risk
258,29,male,2,free,little,little,2149,12,radio/TV,Low Risk
259,23,female,2,own,moderate,NA,3812,15,car,Low Risk
260,57,female,1,own,moderate,NA,1154,11,radio/TV,Low Risk
261,27,male,2,own,little,little,1657,12,furniture/equipment,Low Risk
262,55,female,2,own,little,little,1603,24,radio/TV,Low Risk
263,36,male,3,free,little,little,5302,18,car,Low Risk
264,57,female,1,free,little,NA,2748,12,education,High Risk
265,32,male,1,own,little,NA,1231,10,car,Low Risk
266,37,male,2,own,little,moderate,802,15,radio/TV,Low Risk
267,36,male,2,own,NA,NA,6304,36,business,Low Risk
268,38,female,2,own,little,NA,1533,24,radio/TV,High Risk
269,45,male,3,own,little,little,8978,14,car,Low Risk
270,25,male,2,own,NA,NA,999,24,radio/TV,High Risk
271,32,male,2,own,NA,NA,2662,18,car,Low Risk
272,37,female,2,rent,quite rich,NA,1402,12,furniture/equipment,Low Risk
273,36,male,3,free,NA,moderate,12169,48,car,Low Risk
274,28,male,2,own,little,moderate,3060,48,radio/TV,High Risk
275,34,male,1,own,little,little,11998,30,repairs,Low Risk
276,32,male,2,own,little,NA,2697,9,radio/TV,High Risk
277,26,female,2,own,little,NA,2404,18,radio/TV,Low Risk
278,49,male,1,own,NA,little,1262,12,furniture/equipment,Low Risk
279,32,female,2,own,little,NA,4611,6,furniture/equipment,Low Risk
280,29,male,3,rent,moderate,NA,1901,24,radio/TV,Low Risk
281,23,male,2,rent,rich,NA,3368,15,car,Low Risk
282,50,male,2,own,little,NA,1574,12,furniture/equipment,Low Risk
283,49,male,1,own,NA,rich,1445,18,radio/TV,Low Risk
284,63,male,2,own,NA,NA,1520,15,furniture/equipment,Low Risk
285,37,male,2,own,moderate,moderate,3878,24,car,Low Risk
286,35,female,1,own,little,little,10722,47,car,Low Risk
287,26,male,2,own,little,little,4788,48,car,High Risk
288,31,male,3,free,moderate,moderate,7582,48,vacation/others,Low Risk
289,49,female,2,own,little,moderate,1092,12,radio/TV,High Risk
290,48,male,2,own,little,little,1024,24,radio/TV,Low Risk
291,26,male,2,own,little,NA,1076,12,business,Low Risk
292,28,male,3,rent,little,moderate,9398,36,car,Low Risk
293,44,female,3,free,little,little,6419,24,car,High Risk
294,56,male,2,free,little,rich,4796,42,car,High Risk
295,46,male,3,own,NA,NA,7629,48,business,Low Risk
296,26,female,2,own,little,moderate,9960,48,furniture/equipment,High Risk
297,20,female,2,rent,NA,NA,4675,12,car,High Risk
298,45,male,1,own,NA,NA,1287,10,car,Low Risk
299,43,male,2,own,little,NA,2515,18,furniture/equipment,Low Risk
300,32,male,2,own,rich,moderate,2745,21,furniture/equipment,Low Risk
301,54,female,0,own,little,NA,672,6,car,Low Risk
302,42,female,2,own,little,moderate,3804,36,radio/TV,Low Risk
303,37,male,1,own,NA,rich,1344,24,car,Low Risk
304,49,male,2,own,little,little,1038,10,car,Low Risk
305,44,male,2,free,quite rich,NA,10127,48,car,Low Risk
306,33,male,2,own,rich,NA,1543,6,furniture/equipment,High Risk
307,24,female,1,rent,NA,NA,4811,30,car,Low Risk
308,33,male,1,own,moderate,little,727,12,radio/TV,Low Risk
309,24,female,2,own,little,moderate,1237,8,furniture/equipment,Low Risk
310,22,male,1,rent,little,moderate,276,9,car,Low Risk
311,40,male,0,free,NA,moderate,5381,48,vacation/others,Low Risk
312,25,male,2,own,moderate,NA,5511,24,furniture/equipment,High Risk
313,26,female,2,own,little,rich,3749,24,furniture/equipment,High Risk
314,25,male,1,own,little,moderate,685,12,car,Low Risk
315,29,male,1,own,NA,rich,1494,4,car,Low Risk
316,31,male,2,own,little,little,2746,36,furniture/equipment,Low Risk
317,38,male,1,own,little,little,708,12,furniture/equipment,Low Risk
318,48,female,1,own,NA,moderate,4351,24,furniture/equipment,Low Risk
319,32,male,2,own,little,NA,701,12,education,Low Risk
320,27,female,1,own,little,little,3643,15,furniture/equipment,Low Risk
321,28,male,3,own,little,moderate,4249,30,car,Low Risk
322,32,male,2,own,little,little,1938,24,radio/TV,Low Risk
323,34,male,3,free,little,little,2910,24,car,Low Risk
324,28,male,2,own,rich,little,2659,18,furniture/equipment,Low Risk
325,36,female,2,own,little,NA,1028,18,car,Low Risk
326,39,male,1,own,little,little,3398,8,car,Low Risk
327,49,male,2,rent,NA,NA,5801,12,furniture/equipment,Low Risk
328,34,female,2,own,rich,NA,1525,24,car,High Risk
329,31,male,2,own,little,rich,4473,36,radio/TV,Low Risk
330,28,male,2,own,little,moderate,1068,6,radio/TV,Low Risk
331,75,male,3,free,little,little,6615,24,car,Low Risk
332,30,female,2,own,moderate,NA,1864,18,education,High Risk
333,24,female,3,own,moderate,moderate,7408,60,car,Low Risk
334,24,female,1,rent,moderate,NA,11590,48,car,High Risk
335,23,male,2,rent,little,little,4110,24,furniture/equipment,High Risk
336,44,male,3,rent,little,little,3384,6,furniture/equipment,Low Risk
337,23,female,1,own,little,moderate,2101,13,radio/TV,Low Risk
338,24,female,2,rent,NA,little,1275,15,domestic appliances,Low Risk
339,28,male,2,own,little,little,4169,24,furniture/equipment,Low Risk
340,31,male,1,own,little,moderate,1521,10,furniture/equipment,Low Risk
341,24,female,2,free,little,moderate,5743,24,education,Low Risk
342,26,female,1,rent,little,little,3599,21,furniture/equipment,High Risk
343,25,male,2,rent,quite rich,moderate,3213,18,radio/TV,Low Risk
344,33,male,3,own,little,moderate,4439,18,business,Low Risk
345,37,male,1,own,little,rich,3949,10,car,Low Risk
346,43,female,1,own,little,NA,1459,15,radio/TV,Low Risk
347,23,male,2,own,little,moderate,882,13,radio/TV,Low Risk
348,23,female,0,rent,quite rich,moderate,3758,24,radio/TV,Low Risk
349,34,male,1,own,moderate,NA,1743,6,business,Low Risk
350,32,male,2,free,rich,moderate,1136,9,education,Low Risk
351,23,female,2,rent,little,NA,1236,9,domestic appliances,Low Risk
352,29,female,2,own,little,moderate,959,9,furniture/equipment,Low Risk
353,38,male,3,own,NA,NA,3229,18,car,Low Risk
354,28,male,2,rent,little,little,6199,12,radio/TV,Low Risk
355,46,male,2,free,quite rich,NA,727,10,education,High Risk
356,23,male,1,own,little,moderate,1246,24,car,Low Risk
357,49,male,2,own,NA,NA,2331,12,radio/TV,Low Risk
358,26,male,3,own,little,NA,4463,36,radio/TV,Low Risk
359,28,male,2,own,little,NA,776,12,radio/TV,Low Risk
360,23,female,2,rent,little,little,2406,30,furniture/equipment,Low Risk
361,61,male,2,free,NA,moderate,1239,18,education,Low Risk
362,37,male,3,own,NA,rich,3399,12,radio/TV,Low Risk
363,36,female,2,own,little,rich,2247,12,car,Low Risk
364,21,male,2,rent,little,NA,1766,6,furniture/equipment,Low Risk
365,25,male,0,own,little,little,2473,18,furniture/equipment,Low Risk
366,36,male,2,own,little,NA,1542,12,business,Low Risk
367,27,male,2,own,little,NA,3850,18,car,Low Risk
368,22,female,2,rent,little,little,3650,18,furniture/equipment,Low Risk
369,42,male,2,own,little,little,3446,36,furniture/equipment,Low Risk
370,40,female,2,rent,little,moderate,3001,18,furniture/equipment,Low Risk
371,36,male,2,own,NA,NA,3079,36,car,Low Risk
372,33,male,2,own,little,NA,6070,18,radio/TV,Low Risk
373,23,female,2,rent,little,NA,2146,10,furniture/equipment,High Risk
374,63,male,3,free,NA,NA,13756,60,car,Low Risk
375,60,female,3,free,moderate,moderate,14782,60,vacation/others,High Risk
376,37,female,2,rent,little,little,7685,48,business,High Risk
377,34,male,2,own,little,NA,2320,18,radio/TV,High Risk
378,36,male,2,free,NA,NA,846,7,radio/TV,Low Risk
379,57,male,3,free,little,moderate,14318,36,car,Low Risk
380,52,female,1,own,moderate,NA,362,6,car,High Risk
381,39,male,2,own,NA,little,2212,20,furniture/equipment,Low Risk
382,38,female,3,free,little,moderate,12976,18,car,Low Risk
383,25,female,2,rent,NA,NA,1283,22,car,High Risk
384,26,male,2,own,little,rich,1330,12,car,Low Risk
385,26,male,1,own,moderate,NA,4272,30,business,Low Risk
386,25,female,2,own,little,NA,2238,18,radio/TV,Low Risk
387,21,female,2,rent,NA,NA,1126,18,radio/TV,Low Risk
388,40,male,3,own,little,moderate,7374,18,furniture/equipment,Low Risk
389,27,male,2,own,quite rich,moderate,2326,15,business,High Risk
390,27,female,2,own,little,NA,1449,9,business,Low Risk
391,30,male,3,own,little,NA,1820,18,car,Low Risk
392,19,female,1,rent,rich,moderate,983,12,furniture/equipment,Low Risk
393,39,male,3,free,little,little,3249,36,car,Low Risk
394,31,female,2,own,little,little,1957,6,radio/TV,Low Risk
395,31,male,3,own,little,NA,2406,9,furniture/equipment,Low Risk
396,32,male,2,rent,moderate,moderate,11760,39,education,Low Risk
397,55,female,3,free,little,little,2578,12,furniture/equipment,High Risk
398,46,male,2,own,little,little,2348,36,furniture/equipment,Low Risk
399,46,male,2,rent,little,moderate,1223,12,car,Low Risk
400,43,female,1,own,rich,NA,1516,24,radio/TV,Low Risk
401,39,male,2,own,little,NA,1473,18,radio/TV,Low Risk
402,28,male,2,own,NA,moderate,1887,18,business,Low Risk
403,27,male,2,own,little,NA,8648,24,business,Low Risk
404,27,male,1,own,little,NA,802,14,car,High Risk
405,43,male,2,own,NA,moderate,2899,18,car,Low Risk
406,22,male,2,own,little,moderate,2039,24,radio/TV,Low Risk
407,43,male,2,own,NA,NA,2197,24,car,Low Risk
408,27,male,2,own,little,little,1053,15,radio/TV,Low Risk
409,26,male,3,own,quite rich,NA,3235,24,radio/TV,Low Risk
410,28,male,2,own,quite rich,rich,939,12,car,Low Risk
411,20,female,2,own,little,moderate,1967,24,radio/TV,Low Risk
412,35,male,3,own,little,NA,7253,33,car,Low Risk
413,42,male,3,own,little,NA,2292,12,business,High Risk
414,40,male,1,rent,quite rich,NA,1597,10,car,Low Risk
415,35,female,2,own,NA,little,1381,24,car,Low Risk
416,35,male,2,own,little,NA,5842,36,car,Low Risk
417,33,male,1,own,little,little,2579,12,car,High Risk
418,23,female,2,rent,NA,little,8471,18,education,Low Risk
419,31,female,3,own,quite rich,NA,2782,21,car,High Risk
420,33,female,2,own,NA,moderate,1042,18,car,Low Risk
421,20,female,2,rent,rich,NA,3186,15,car,Low Risk
422,30,male,2,own,NA,moderate,2028,12,car,Low Risk
423,47,male,1,own,little,moderate,958,12,car,Low Risk
424,34,male,3,own,moderate,NA,1591,21,furniture/equipment,Low Risk
425,25,female,2,own,NA,moderate,2762,12,furniture/equipment,Low Risk
426,21,male,2,rent,little,moderate,2779,18,car,Low Risk
427,29,male,2,own,little,NA,2743,28,radio/TV,Low Risk
428,46,male,2,own,rich,NA,1149,18,radio/TV,Low Risk
429,20,male,2,own,little,NA,1313,9,furniture/equipment,Low Risk
430,55,female,0,free,little,little,1190,18,repairs,Low Risk
431,74,male,1,own,little,NA,3448,5,business,Low Risk
432,29,male,3,own,little,moderate,11328,24,vacation/others,Low Risk
433,36,male,3,free,little,little,1872,6,furniture/equipment,High Risk
434,33,male,2,own,little,NA,2058,24,repairs,Low Risk
435,25,male,2,own,little,little,2136,9,furniture/equipment,Low Risk
436,25,male,2,own,NA,moderate,1484,12,radio/TV,Low Risk
437,23,male,1,rent,quite rich,NA,660,6,repairs,Low Risk
438,37,female,2,own,rich,NA,1287,24,car,Low Risk
439,65,male,0,own,little,little,3394,42,repairs,Low Risk
440,26,female,0,own,little,rich,609,12,business,Low Risk
441,39,male,3,own,little,NA,1884,12,car,Low Risk
442,30,female,2,own,little,little,1620,12,furniture/equipment,Low Risk
443,29,male,2,own,little,moderate,2629,20,vacation/others,Low Risk
444,41,male,1,own,little,NA,719,12,education,Low Risk
445,30,female,3,own,little,moderate,5096,48,furniture/equipment,Low Risk
446,41,female,1,rent,NA,NA,1244,9,education,High Risk
447,34,female,2,own,little,little,1842,36,car,Low Risk
448,35,male,2,own,little,moderate,2576,7,radio/TV,Low Risk
449,55,female,3,own,NA,rich,1424,12,furniture/equipment,Low Risk
450,61,male,2,own,rich,moderate,1512,15,repairs,Low Risk
451,30,male,3,own,NA,NA,11054,36,car,Low Risk
452,29,female,2,own,little,NA,518,6,radio/TV,High Risk
453,34,male,2,own,little,NA,2759,12,furniture/equipment,Low Risk
454,35,male,3,own,little,NA,2670,24,car,Low Risk
455,31,male,2,own,little,little,4817,24,car,Low Risk
456,29,female,3,own,little,NA,2679,24,car,Low Risk
457,36,male,2,rent,little,little,3905,11,car,Low Risk
458,35,male,2,free,little,little,3386,12,car,Low Risk
459,27,female,2,own,little,little,343,6,domestic appliances,Low Risk
460,32,male,2,own,little,NA,4594,18,radio/TV,Low Risk
461,37,male,2,own,little,little,3620,36,furniture/equipment,Low Risk
462,36,male,2,own,little,little,1721,15,car,Low Risk
463,34,female,3,rent,little,moderate,3017,12,furniture/equipment,Low Risk
464,38,male,2,own,NA,moderate,754,12,education,Low Risk
465,34,male,2,own,little,NA,1950,18,business,Low Risk
466,63,male,2,own,little,little,2924,24,car,Low Risk
467,29,female,1,rent,little,little,1659,24,radio/TV,Low Risk
468,32,male,2,own,NA,NA,7238,48,radio/TV,Low Risk
469,26,female,2,own,little,NA,2764,33,business,High Risk
470,35,male,1,own,little,NA,4679,24,car,Low Risk
471,22,male,2,rent,moderate,moderate,3092,24,radio/TV,Low Risk
472,23,female,2,own,little,little,448,6,education,Low Risk
473,28,male,1,own,little,little,654,9,car,Low Risk
474,36,male,3,own,NA,NA,1238,6,education,Low Risk
475,33,male,2,own,little,moderate,1245,18,radio/TV,Low Risk
476,26,female,2,rent,little,little,3114,18,furniture/equipment,Low Risk
477,24,male,2,own,quite rich,NA,2569,39,car,Low Risk
478,25,male,2,own,little,rich,5152,24,radio/TV,Low Risk
479,39,male,1,own,moderate,moderate,1037,12,business,High Risk
480,44,male,2,own,little,little,1478,15,furniture/equipment,Low Risk
481,23,female,1,own,little,moderate,3573,12,radio/TV,Low Risk
482,26,male,2,own,little,moderate,1201,24,car,Low Risk
483,57,female,2,rent,rich,little,3622,30,furniture/equipment,Low Risk
484,30,female,2,own,rich,NA,960,15,furniture/equipment,Low Risk
485,44,male,2,own,quite rich,NA,1163,12,car,Low Risk
486,47,male,3,own,little,moderate,1209,6,car,Low Risk
487,52,male,2,own,little,NA,3077,12,radio/TV,Low Risk
488,62,female,2,free,little,NA,3757,24,car,Low Risk
489,35,male,1,rent,moderate,NA,1418,10,car,Low Risk
490,26,male,2,rent,little,NA,3518,6,car,Low Risk
491,26,male,2,own,little,NA,1934,12,radio/TV,Low Risk
492,42,female,3,free,little,moderate,8318,27,business,Low Risk
493,27,female,2,own,moderate,NA,1237,6,radio/TV,High Risk
494,38,male,2,own,NA,moderate,368,6,radio/TV,Low Risk
495,39,male,1,rent,little,little,2122,12,car,Low Risk
496,20,male,2,own,NA,little,2996,24,furniture/equipment,Low Risk
497,29,male,3,rent,moderate,moderate,9034,36,furniture/equipment,Low Risk
498,40,male,2,own,little,NA,1585,24,furniture/equipment,High Risk
499,32,male,1,own,little,moderate,1301,18,radio/TV,Low Risk
500,28,male,2,own,moderate,rich,1323,6,car,Low Risk
501,27,female,2,own,little,little,3123,24,car,Low Risk
502,42,male,2,free,little,little,5493,36,car,Low Risk
503,49,male,2,own,moderate,rich,1126,9,radio/TV,High Risk
504,38,male,2,own,moderate,moderate,1216,24,radio/TV,Low Risk
505,24,female,2,rent,little,little,1207,24,car,Low Risk
506,27,male,1,own,NA,NA,1309,10,car,Low Risk
507,36,male,2,own,quite rich,rich,2360,15,car,Low Risk
508,34,male,3,own,moderate,moderate,6850,15,car,Low Risk
509,28,male,2,own,little,NA,1413,24,radio/TV,High Risk
510,45,male,3,own,moderate,NA,8588,39,car,Low Risk
511,26,male,2,own,little,little,759,12,car,High Risk
512,32,male,3,free,little,NA,4686,36,car,Low Risk
513,26,male,2,rent,little,rich,2687,15,business,Low Risk
514,20,male,2,rent,little,moderate,585,12,radio/TV,Low Risk
515,54,male,2,own,NA,NA,2255,24,car,Low Risk
516,37,female,2,own,little,little,609,6,car,Low Risk
517,40,male,1,own,little,little,1361,6,car,Low Risk
518,23,female,2,rent,little,NA,7127,36,furniture/equipment,Low Risk
519,43,male,2,own,moderate,little,1203,6,car,High Risk
520,36,male,2,free,NA,NA,700,6,radio/TV,Low Risk
521,44,male,2,free,little,NA,5507,24,repairs,Low Risk
522,24,female,2,own,little,little,3190,18,radio/TV,High Risk
523,53,male,2,free,little,little,7119,48,furniture/equipment,Low Risk
524,23,female,2,own,moderate,NA,3488,24,car,High Risk
525,26,female,1,own,little,moderate,1113,18,radio/TV,Low Risk
526,30,male,2,own,little,moderate,7966,26,car,Low Risk
527,31,female,2,own,moderate,NA,1532,15,education,High Risk
528,42,male,1,own,little,NA,1503,4,radio/TV,Low Risk
529,31,male,2,rent,little,little,2302,36,radio/TV,Low Risk
530,41,male,1,own,little,little,662,6,car,Low Risk
531,32,male,2,own,little,moderate,2273,36,education,Low Risk
532,28,female,2,rent,moderate,moderate,2631,15,car,Low Risk
533,41,male,2,rent,little,NA,1503,12,car,Low Risk
534,26,male,2,own,moderate,NA,1311,24,radio/TV,Low Risk
535,25,male,2,own,NA,NA,3105,24,radio/TV,Low Risk
536,33,male,2,rent,little,rich,2319,21,education,Low Risk
537,75,female,3,own,NA,little,1374,6,car,Low Risk
538,37,female,2,own,little,moderate,3612,18,furniture/equipment,Low Risk
539,42,male,3,free,little,little,7763,48,car,Low Risk
540,45,female,1,own,little,rich,3049,18,furniture/equipment,High Risk
541,23,male,2,rent,little,moderate,1534,12,radio/TV,Low Risk
542,60,male,2,free,little,NA,2032,24,car,Low Risk
543,31,male,2,own,NA,little,6350,30,furniture/equipment,Low Risk
544,34,male,1,own,little,rich,2864,18,furniture/equipment,High Risk
545,61,male,1,own,little,NA,1255,12,car,Low Risk
546,43,male,2,free,little,little,1333,24,car,Low Risk
547,37,female,2,own,little,NA,2022,24,car,Low Risk
548,32,male,2,own,little,NA,1552,24,radio/TV,Low Risk
549,24,female,1,own,little,little,626,12,radio/TV,Low Risk
550,35,male,2,free,NA,NA,8858,48,car,Low Risk
551,23,female,2,own,NA,NA,996,12,repairs,High Risk
552,45,male,1,own,quite rich,NA,1750,6,radio/TV,Low Risk
553,34,male,2,own,little,little,6999,48,radio/TV,Low Risk
554,27,male,2,own,moderate,moderate,1995,12,car,High Risk
555,67,female,3,own,little,moderate,1199,9,education,Low Risk
556,22,male,2,own,little,moderate,1331,12,radio/TV,Low Risk
557,28,female,2,own,moderate,moderate,2278,18,car,Low Risk
558,29,female,2,own,NA,NA,5003,21,car,Low Risk
559,27,male,2,own,little,little,3552,24,furniture/equipment,High Risk
560,31,male,1,own,little,moderate,1928,18,furniture/equipment,Low Risk
561,49,male,2,free,NA,little,2964,24,car,Low Risk
562,24,male,1,rent,little,little,1546,24,radio/TV,Low Risk
563,29,female,2,own,little,rich,683,6,radio/TV,Low Risk
564,37,male,2,free,NA,moderate,12389,36,car,Low Risk
565,37,male,3,own,NA,moderate,4712,24,business,High Risk
566,23,female,2,rent,moderate,moderate,1553,24,radio/TV,Low Risk
567,36,male,2,own,little,little,1372,12,car,Low Risk
568,34,male,2,own,rich,NA,2578,24,radio/TV,Low Risk
569,41,male,2,own,NA,moderate,3979,48,radio/TV,Low Risk
570,31,female,2,own,little,little,6758,48,radio/TV,Low Risk
571,23,female,1,rent,little,little,3234,24,furniture/equipment,High Risk
572,38,male,2,own,little,NA,5954,30,radio/TV,Low Risk
573,26,female,3,rent,NA,NA,5433,24,car,High Risk
574,22,female,1,own,little,little,806,15,business,High Risk
575,27,male,1,own,little,moderate,1082,9,radio/TV,Low Risk
576,24,female,2,own,little,NA,2788,15,furniture/equipment,Low Risk
577,27,female,2,own,little,moderate,2930,12,radio/TV,Low Risk
578,33,female,2,own,NA,NA,1927,24,education,Low Risk
579,27,male,2,own,little,moderate,2820,36,car,Low Risk
580,27,male,1,own,little,NA,937,24,education,Low Risk
581,30,male,2,own,little,moderate,1056,18,car,Low Risk
582,49,male,1,own,little,moderate,3124,12,car,Low Risk
583,26,female,2,rent,little,NA,1388,9,furniture/equipment,Low Risk
584,33,male,1,rent,little,moderate,2384,36,repairs,Low Risk
585,52,female,3,free,NA,NA,2133,12,car,Low Risk
586,20,female,2,rent,little,little,2039,18,furniture/equipment,Low Risk
587,36,male,2,rent,little,little,2799,9,car,Low Risk
588,21,male,1,own,little,little,1289,12,furniture/equipment,Low Risk
589,47,male,1,own,little,little,1217,18,domestic appliances,Low Risk
590,60,male,2,own,little,little,2246,12,furniture/equipment,Low Risk
591,58,female,1,own,little,little,385,12,radio/TV,Low Risk
592,42,female,2,rent,NA,moderate,1965,24,car,Low Risk
593,36,female,1,own,rich,NA,1572,21,business,Low Risk
594,20,female,1,rent,little,moderate,2718,24,car,Low Risk
595,40,male,3,own,NA,little,1358,24,vacation/others,Low Risk
596,32,female,1,own,moderate,moderate,931,6,car,Low Risk
597,23,female,2,rent,little,little,1442,24,car,Low Risk
598,36,male,1,own,little,moderate,4241,24,business,Low Risk
599,31,male,2,own,little,NA,2775,18,car,Low Risk
600,32,male,2,free,little,NA,3863,24,business,Low Risk
601,45,female,2,own,little,moderate,2329,7,radio/TV,Low Risk
602,30,female,2,own,little,moderate,918,9,furniture/equipment,Low Risk
603,34,female,1,free,little,moderate,1837,24,education,Low Risk
604,28,female,3,own,little,NA,3349,36,furniture/equipment,Low Risk
605,23,female,2,own,little,rich,1275,10,furniture/equipment,Low Risk
606,22,male,2,own,quite rich,little,2828,24,furniture/equipment,Low Risk
607,74,male,3,own,little,NA,4526,24,business,Low Risk
608,50,female,2,free,moderate,moderate,2671,36,radio/TV,Low Risk
609,33,male,2,own,little,NA,2051,18,radio/TV,Low Risk
610,45,male,2,free,NA,NA,1300,15,car,Low Risk
611,22,female,2,own,moderate,little,741,12,domestic appliances,Low Risk
612,48,female,1,free,moderate,rich,1240,10,car,Low Risk
613,29,female,2,own,rich,little,3357,21,radio/TV,Low Risk
614,22,female,2,rent,little,little,3632,24,car,Low Risk
615,22,female,2,own,little,NA,1808,18,furniture/equipment,Low Risk
616,48,male,3,own,NA,moderate,12204,48,business,Low Risk
617,27,male,3,free,NA,moderate,9157,60,radio/TV,High Risk
618,37,male,2,rent,little,little,3676,6,car,High Risk
619,21,female,2,rent,moderate,moderate,3441,30,furniture/equipment,Low Risk
620,49,male,1,own,little,NA,640,12,car,Low Risk
621,27,male,2,own,little,moderate,3652,21,business,Low Risk
622,32,male,2,own,little,NA,1530,18,car,Low Risk
623,38,male,2,own,NA,NA,3914,48,business,Low Risk
624,22,female,2,rent,little,little,1858,12,furniture/equipment,Low Risk
625,65,male,2,free,little,little,2600,18,radio/TV,Low Risk
626,35,male,2,own,NA,NA,1979,15,radio/TV,Low Risk
627,41,male,2,own,little,rich,2116,6,furniture/equipment,Low Risk
628,29,male,2,own,moderate,moderate,1437,9,car,Low Risk
629,36,male,2,own,quite rich,NA,4042,42,furniture/equipment,Low Risk
630,64,male,1,own,NA,NA,3832,9,education,Low Risk
631,28,female,2,own,little,little,3660,24,radio/TV,Low Risk
632,44,male,2,own,little,little,1553,18,furniture/equipment,Low Risk
633,23,male,2,own,NA,moderate,1444,15,radio/TV,Low Risk
634,19,female,2,rent,little,NA,1980,9,furniture/equipment,Low Risk
635,25,female,1,own,little,moderate,1355,24,car,Low Risk
636,47,male,2,own,little,NA,1393,12,education,Low Risk
637,28,female,2,own,quite rich,NA,1376,24,radio/TV,Low Risk
638,21,male,2,own,little,NA,15653,60,radio/TV,Low Risk
639,34,female,2,own,little,NA,1493,12,radio/TV,High Risk
640,26,male,2,own,little,little,4370,42,radio/TV,Low Risk
641,27,female,0,own,little,little,750,18,education,Low Risk
642,38,male,1,own,little,moderate,1308,15,repairs,Low Risk
643,40,male,3,own,moderate,NA,4623,15,education,Low Risk
644,33,male,2,own,little,NA,1851,24,radio/TV,Low Risk
645,32,male,3,own,little,little,1880,18,radio/TV,Low Risk
646,27,male,2,rent,NA,NA,7980,36,business,Low Risk
647,32,male,2,own,little,little,4583,30,furniture/equipment,High Risk
648,26,female,2,own,quite rich,NA,1386,12,car,Low Risk
649,38,male,2,free,little,rich,947,24,car,Low Risk
650,40,male,1,rent,little,little,684,12,education,Low Risk
651,50,male,3,free,little,little,7476,48,education,Low Risk
652,37,male,1,own,little,moderate,1922,12,furniture/equipment,High Risk
653,45,male,2,own,little,little,2303,24,car,Low Risk
654,42,male,3,own,moderate,moderate,8086,36,car,Low Risk
655,35,male,2,own,little,NA,2346,24,car,High Risk
656,22,male,2,free,little,little,3973,14,car,Low Risk
657,41,male,1,own,little,moderate,888,12,car,Low Risk
658,37,male,2,own,NA,NA,10222,48,radio/TV,Low Risk
659,28,female,2,own,little,moderate,4221,30,business,High Risk
660,41,male,2,own,little,moderate,6361,18,furniture/equipment,Low Risk
661,23,male,2,rent,little,rich,1297,12,radio/TV,High Risk
662,23,male,2,own,NA,little,900,12,car,Low Risk
663,50,male,2,own,little,NA,2241,21,furniture/equipment,Low Risk
664,35,male,3,own,little,moderate,1050,6,furniture/equipment,Low Risk
665,50,female,1,own,little,rich,1047,6,education,Low Risk
666,27,male,3,own,little,NA,6314,24,vacation/others,Low Risk
667,34,male,2,own,rich,moderate,3496,30,furniture/equipment,High Risk
668,27,female,2,own,little,NA,3609,48,business,Low Risk
669,43,male,2,rent,little,little,4843,12,car,Low Risk
670,47,male,2,own,little,rich,3017,30,radio/TV,Low Risk
671,27,male,1,own,moderate,NA,4139,24,business,Low Risk
672,31,male,2,own,moderate,NA,5742,36,business,Low Risk
673,42,male,3,own,little,NA,10366,60,car,High Risk
674,24,male,2,own,quite rich,NA,2080,6,car,High Risk
675,41,male,1,own,quite rich,NA,2580,21,business,Low Risk
676,26,female,3,rent,little,NA,4530,30,radio/TV,Low Risk
677,33,male,2,own,little,NA,5150,24,furniture/equipment,Low Risk
678,24,male,2,own,moderate,moderate,5595,72,radio/TV,High Risk
679,64,male,1,rent,little,little,2384,24,radio/TV,High Risk
680,26,female,2,own,little,NA,1453,18,radio/TV,Low Risk
681,56,female,2,own,little,NA,1538,6,education,Low Risk
682,37,male,2,free,NA,NA,2279,12,radio/TV,Low Risk
683,33,male,2,own,little,NA,1478,15,radio/TV,Low Risk
684,47,male,2,free,little,NA,5103,24,radio/TV,Low Risk
685,31,male,1,own,moderate,moderate,9857,36,business,High Risk
686,34,male,2,free,NA,NA,6527,60,car,High Risk
687,27,male,2,own,NA,rich,1347,10,radio/TV,High Risk
688,30,male,2,free,moderate,moderate,2862,36,car,Low Risk
689,35,male,2,own,moderate,NA,2753,9,radio/TV,Low Risk
690,31,male,2,own,rich,little,3651,12,car,Low Risk
691,25,male,2,own,little,little,975,15,furniture/equipment,Low Risk
692,25,female,1,own,moderate,moderate,2631,15,repairs,Low Risk
693,29,male,2,own,moderate,moderate,2896,24,radio/TV,Low Risk
694,44,male,1,own,NA,little,4716,6,car,Low Risk
695,28,male,2,own,little,NA,2284,24,radio/TV,Low Risk
696,50,male,2,rent,quite rich,NA,1236,6,car,Low Risk
697,29,male,2,own,little,moderate,1103,12,radio/TV,Low Risk
698,38,female,0,own,little,NA,926,12,car,Low Risk
699,24,male,2,own,little,NA,1800,18,radio/TV,Low Risk
700,40,male,3,rent,little,rich,1905,15,education,Low Risk
701,29,female,1,rent,quite rich,NA,1123,12,furniture/equipment,Low Risk
702,46,male,2,free,little,little,6331,48,car,Low Risk
703,47,female,2,free,moderate,rich,1377,24,radio/TV,High Risk
704,41,male,2,own,moderate,moderate,2503,30,business,Low Risk
705,32,female,2,own,little,moderate,2528,27,business,Low Risk
706,35,female,2,free,quite rich,NA,5324,15,car,Low Risk
707,24,male,2,own,moderate,moderate,6560,48,car,High Risk
708,25,female,2,rent,little,moderate,2969,12,furniture/equipment,High Risk
709,25,female,2,own,little,moderate,1206,9,radio/TV,Low Risk
710,37,male,1,own,little,moderate,2118,9,radio/TV,Low Risk
711,32,male,3,own,quite rich,NA,629,18,radio/TV,Low Risk
712,35,female,2,free,little,little,1198,6,education,Low Risk
713,46,male,3,own,NA,NA,2476,21,car,Low Risk
714,25,male,1,own,little,little,1138,9,radio/TV,Low Risk
715,27,male,3,own,little,moderate,14027,60,car,Low Risk
716,63,male,2,own,NA,NA,7596,30,car,High Risk
717,40,male,2,own,NA,NA,3077,30,radio/TV,High Risk
718,32,male,3,free,little,NA,1505,18,radio/TV,Low Risk
719,31,male,2,own,NA,rich,3148,24,radio/TV,Low Risk
720,31,male,2,own,moderate,moderate,6148,20,car,Low Risk
721,34,male,3,own,little,rich,1337,9,radio/TV,High Risk
722,24,female,2,rent,rich,moderate,433,6,education,Low Risk
723,24,female,1,own,little,little,1228,12,car,Low Risk
724,66,female,1,own,quite rich,moderate,790,9,radio/TV,Low Risk
725,21,female,2,rent,little,NA,2570,27,car,Low Risk
726,41,female,1,own,rich,NA,250,6,car,Low Risk
727,47,male,1,own,quite rich,NA,1316,15,radio/TV,Low Risk
728,25,female,2,rent,little,little,1882,18,radio/TV,Low Risk
729,59,female,2,rent,little,moderate,6416,48,business,Low Risk
730,36,male,2,own,rich,rich,1275,24,business,High Risk
731,33,male,2,own,little,moderate,6403,24,radio/TV,Low Risk
732,21,male,1,rent,little,little,1987,24,radio/TV,High Risk
733,44,female,1,own,little,moderate,760,8,radio/TV,Low Risk
734,28,female,2,rent,rich,NA,2603,24,car,Low Risk
735,37,female,2,own,little,NA,3380,4,car,Low Risk
736,29,female,0,own,NA,moderate,3990,36,domestic appliances,Low Risk
737,23,female,3,rent,little,moderate,11560,24,car,Low Risk
738,35,male,1,own,moderate,little,4380,18,car,High Risk
739,45,male,3,own,little,NA,6761,6,car,Low Risk
740,26,female,1,rent,moderate,moderate,4280,30,business,High Risk
741,32,male,2,own,moderate,little,2325,24,car,Low Risk
742,23,male,1,own,little,moderate,1048,10,radio/TV,Low Risk
743,41,male,2,own,NA,NA,3160,21,radio/TV,Low Risk
744,22,male,2,own,quite rich,little,2483,24,furniture/equipment,Low Risk
745,30,male,3,own,NA,little,14179,39,furniture/equipment,Low Risk
746,28,male,1,own,little,little,1797,13,business,High Risk
747,23,female,2,rent,little,little,2511,15,car,Low Risk
748,37,female,1,own,little,little,1274,12,car,Low Risk
749,26,male,2,own,NA,NA,5248,21,car,Low Risk
750,33,male,2,own,little,NA,3029,15,car,High Risk
751,49,female,2,own,little,little,428,6,furniture/equipment,Low Risk
752,23,female,1,own,little,little,976,18,car,Low Risk
753,23,female,1,rent,moderate,moderate,841,12,business,Low Risk
754,25,female,2,own,little,NA,5771,30,radio/TV,Low Risk
755,55,male,2,free,rich,NA,1555,12,repairs,High Risk
756,32,female,2,rent,NA,little,1285,24,car,Low Risk
757,74,male,0,own,little,rich,1299,6,car,Low Risk
758,39,male,2,free,NA,rich,1271,15,radio/TV,Low Risk
759,31,male,2,own,little,NA,1393,24,car,Low Risk
760,35,male,2,own,little,little,691,12,car,Low Risk
761,59,female,2,own,NA,NA,5045,15,car,Low Risk
762,24,female,2,rent,little,little,2124,18,furniture/equipment,High Risk
763,24,male,1,own,little,little,2214,12,radio/TV,Low Risk
764,30,male,3,free,NA,NA,12680,21,car,Low Risk
765,27,male,2,own,moderate,NA,2463,24,car,High Risk
766,40,male,1,own,little,moderate,1155,12,radio/TV,Low Risk
767,31,male,1,own,little,little,3108,30,furniture/equipment,Low Risk
768,31,female,2,rent,NA,NA,2901,10,car,Low Risk
769,28,male,2,rent,little,moderate,3617,12,furniture/equipment,Low Risk
770,63,male,1,own,little,NA,1655,12,radio/TV,Low Risk
771,26,female,2,rent,NA,little,2812,24,car,Low Risk
772,25,female,3,own,little,little,8065,36,education,Low Risk
773,36,male,3,own,little,NA,3275,21,car,High Risk
774,52,male,2,own,moderate,NA,2223,24,radio/TV,Low Risk
775,66,male,0,free,quite rich,rich,1480,12,car,Low Risk
776,25,female,2,rent,NA,little,1371,24,car,Low Risk
777,37,male,2,own,little,NA,3535,36,car,Low Risk
778,25,female,2,own,little,little,3509,18,radio/TV,Low Risk
779,38,male,3,own,rich,NA,5711,36,car,Low Risk
780,67,female,2,own,little,moderate,3872,18,repairs,High Risk
781,25,male,2,own,little,moderate,4933,39,radio/TV,Low Risk
782,60,male,2,own,rich,NA,1940,24,car,Low Risk
783,31,male,1,own,little,moderate,1410,12,education,Low Risk
784,23,female,1,own,moderate,moderate,836,12,car,Low Risk
785,60,male,3,own,NA,moderate,6468,20,car,Low Risk
786,35,male,1,own,rich,moderate,1941,18,business,High Risk
787,40,male,2,own,quite rich,NA,2675,22,radio/TV,Low Risk
788,38,male,2,own,NA,NA,2751,48,car,Low Risk
789,50,male,2,free,little,moderate,6224,48,education,Low Risk
790,27,male,2,own,little,little,5998,40,education,High Risk
791,39,female,2,own,little,moderate,1188,21,business,High Risk
792,41,male,3,own,NA,NA,6313,24,car,Low Risk
793,27,male,2,own,NA,NA,1221,6,furniture/equipment,High Risk
794,51,male,2,free,little,rich,2892,24,furniture/equipment,Low Risk
795,32,male,2,rent,quite rich,NA,3062,24,furniture/equipment,Low Risk
796,22,female,2,rent,moderate,NA,2301,9,furniture/equipment,Low Risk
797,51,male,2,free,NA,little,7511,18,car,Low Risk
798,22,female,1,rent,little,NA,1258,12,furniture/equipment,High Risk
799,54,male,2,own,NA,NA,717,24,car,Low Risk
800,35,male,0,own,NA,moderate,1549,9,car,Low Risk
801,54,male,2,free,little,NA,1597,24,education,Low Risk
802,48,female,1,rent,little,moderate,1795,18,radio/TV,Low Risk
803,24,female,2,own,little,little,4272,20,furniture/equipment,Low Risk
804,35,male,2,own,NA,NA,976,12,radio/TV,Low Risk
805,24,female,0,rent,NA,moderate,7472,12,car,Low Risk
806,24,male,2,own,little,little,9271,36,car,High Risk
807,26,male,1,own,little,moderate,590,6,radio/TV,High Risk
808,65,male,2,own,NA,NA,930,12,radio/TV,Low Risk
809,55,male,3,free,little,moderate,9283,42,car,Low Risk
810,26,female,0,rent,little,moderate,1778,15,car,High Risk
811,26,male,2,own,little,moderate,907,8,business,Low Risk
812,28,male,1,own,little,moderate,484,6,radio/TV,Low Risk
813,24,male,2,own,little,little,9629,36,car,Low Risk
814,54,male,2,own,little,little,3051,48,domestic appliances,High Risk
815,46,male,2,free,little,little,3931,48,car,Low Risk
816,54,female,2,rent,little,moderate,7432,36,car,Low Risk
817,62,male,2,own,quite rich,NA,1338,6,domestic appliances,High Risk
818,24,female,2,rent,little,NA,1554,6,radio/TV,Low Risk
819,43,male,3,own,little,little,15857,36,vacation/others,Low Risk
820,26,male,2,own,little,little,1345,18,radio/TV,High Risk
821,27,male,2,own,little,NA,1101,12,car,Low Risk
822,24,male,2,own,little,rich,3016,12,radio/TV,Low Risk
823,41,male,2,own,little,little,2712,36,furniture/equipment,Low Risk
824,47,male,1,own,little,little,731,8,car,Low Risk
825,35,male,3,own,little,NA,3780,18,furniture/equipment,Low Risk
826,30,male,2,own,little,little,1602,21,car,Low Risk
827,33,female,2,rent,little,little,3966,18,car,Low Risk
828,36,male,2,own,little,NA,4165,18,business,Low Risk
829,47,male,2,free,NA,little,8335,36,car,Low Risk
830,38,male,2,free,NA,moderate,6681,48,business,High Risk
831,44,male,2,own,quite rich,NA,2375,24,business,High Risk
832,23,female,2,rent,little,little,1216,18,car,Low Risk
833,29,male,2,rent,little,little,11816,45,business,Low Risk
834,42,female,2,own,NA,moderate,5084,24,radio/TV,High Risk
835,25,female,1,own,little,rich,2327,15,radio/TV,High Risk
836,48,male,2,own,little,little,1082,12,car,Low Risk
837,21,female,2,own,NA,NA,886,12,radio/TV,Low Risk
838,23,female,1,rent,little,NA,601,4,furniture/equipment,Low Risk
839,63,male,2,own,little,little,2957,24,car,Low Risk
840,46,male,2,own,little,NA,2611,24,radio/TV,Low Risk
841,29,male,2,own,little,little,5179,36,furniture/equipment,Low Risk
842,28,male,1,own,little,NA,2993,21,car,High Risk
843,23,female,2,own,little,NA,1943,18,repairs,Low Risk
844,50,male,2,own,little,NA,1559,24,business,Low Risk
845,47,male,2,own,little,NA,3422,18,furniture/equipment,Low Risk
846,35,male,2,own,NA,moderate,3976,21,furniture/equipment,Low Risk
847,68,male,2,rent,NA,NA,6761,18,car,Low Risk
848,28,male,2,own,little,NA,1249,24,car,High Risk
849,59,male,2,own,little,little,1364,9,radio/TV,Low Risk
850,57,male,1,own,little,little,709,12,radio/TV,Low Risk
851,33,male,2,rent,little,little,2235,20,car,Low Risk
852,43,male,2,own,NA,NA,4042,24,car,Low Risk
853,35,male,2,free,little,NA,1471,15,radio/TV,Low Risk
854,32,male,1,free,little,little,1442,18,car,Low Risk
855,45,male,2,own,little,NA,10875,36,car,Low Risk
856,33,male,2,own,moderate,NA,1474,24,car,High Risk
857,40,female,2,own,NA,NA,894,10,education,Low Risk
858,28,male,2,free,little,NA,3343,15,furniture/equipment,Low Risk
859,29,female,2,own,little,little,3959,15,car,Low Risk
860,26,male,2,rent,moderate,NA,3577,9,car,Low Risk
861,27,male,2,own,rich,NA,5804,24,car,Low Risk
862,28,male,2,own,little,NA,2169,18,business,High Risk
863,35,female,2,own,little,little,2439,24,radio/TV,Low Risk
864,32,male,1,own,rich,NA,4526,27,furniture/equipment,Low Risk
865,25,male,1,rent,little,NA,2210,10,furniture/equipment,Low Risk
866,20,female,2,rent,quite rich,NA,2221,15,furniture/equipment,Low Risk
867,27,female,2,own,little,little,2389,18,radio/TV,Low Risk
868,42,male,2,own,little,NA,3331,12,furniture/equipment,Low Risk
869,37,male,2,own,NA,NA,7409,36,business,Low Risk
870,24,female,2,rent,little,little,652,12,furniture/equipment,High Risk
871,40,female,2,own,quite rich,NA,7678,36,furniture/equipment,Low Risk
872,46,male,2,own,little,rich,1343,6,car,High Risk
873,26,male,2,own,moderate,little,1382,24,business,Low Risk
874,24,female,2,own,NA,NA,874,15,domestic appliances,Low Risk
875,29,male,1,own,little,little,3590,12,furniture/equipment,Low Risk
876,40,female,2,own,rich,moderate,1322,11,car,Low Risk
877,36,male,3,free,little,little,1940,18,radio/TV,Low Risk
878,28,male,2,own,little,NA,3595,36,radio/TV,Low Risk
879,27,male,3,free,little,little,1422,9,car,Low Risk
880,36,male,2,own,NA,NA,6742,30,radio/TV,Low Risk
881,38,male,3,own,little,NA,7814,24,car,High Risk
882,48,male,2,free,NA,NA,9277,24,car,High Risk
883,36,male,2,own,NA,moderate,2181,30,car,High Risk
884,65,female,0,own,little,NA,1098,18,radio/TV,Low Risk
885,43,male,2,own,little,moderate,4057,24,furniture/equipment,Low Risk
886,53,female,2,own,little,little,795,12,education,Low Risk
887,34,male,2,own,NA,moderate,2825,24,business,Low Risk
888,23,male,2,own,little,moderate,15672,48,business,Low Risk
889,34,male,3,own,little,NA,6614,36,car,High Risk
890,40,male,2,rent,NA,NA,7824,28,car,High Risk
891,43,male,3,own,little,little,2442,27,business,High Risk
892,46,male,2,own,little,NA,1829,15,radio/TV,Low Risk
893,38,male,1,own,little,little,2171,12,car,Low Risk
894,34,male,2,own,little,moderate,5800,36,car,Low Risk
895,29,male,2,own,NA,NA,1169,18,radio/TV,High Risk
896,31,male,3,own,NA,NA,8947,36,car,Low Risk
897,28,female,3,rent,little,little,2606,21,radio/TV,High Risk
898,35,female,2,own,rich,NA,1592,12,furniture/equipment,Low Risk
899,33,female,1,rent,NA,NA,2186,15,furniture/equipment,Low Risk
900,42,male,2,own,little,little,4153,18,furniture/equipment,Low Risk
901,43,male,2,rent,little,little,2625,16,car,Low Risk
902,44,male,2,own,NA,NA,3485,20,car,Low Risk
903,42,male,2,free,NA,NA,10477,36,car,Low Risk
904,40,male,2,rent,NA,NA,1386,15,radio/TV,High Risk
905,36,male,3,own,little,NA,1278,24,radio/TV,Low Risk
906,20,male,3,rent,little,little,1107,12,radio/TV,Low Risk
907,24,male,1,own,NA,little,3763,21,car,Low Risk
908,27,male,2,own,NA,moderate,3711,36,education,Low Risk
909,46,female,1,own,little,NA,3594,15,car,Low Risk
910,33,female,1,own,NA,moderate,3195,9,car,Low Risk
911,34,female,2,own,little,NA,4454,36,radio/TV,Low Risk
912,25,female,1,own,little,moderate,4736,24,furniture/equipment,Low Risk
913,25,female,2,own,NA,moderate,2991,30,radio/TV,Low Risk
914,28,male,2,own,rich,NA,2142,11,business,Low Risk
915,31,male,2,rent,little,little,3161,24,business,Low Risk
916,32,female,3,own,little,moderate,18424,48,vacation/others,Low Risk
917,32,male,2,own,moderate,NA,2848,10,car,High Risk
918,68,male,3,own,little,little,14896,6,car,Low Risk
919,33,male,2,own,moderate,little,2359,24,furniture/equipment,High Risk
920,39,male,3,rent,little,little,3345,24,furniture/equipment,Low Risk
921,28,female,2,own,little,NA,1817,18,furniture/equipment,Low Risk
922,37,male,3,own,quite rich,NA,12749,48,radio/TV,Low Risk
923,22,female,2,rent,little,little,1366,9,radio/TV,High Risk
924,30,male,2,rent,little,moderate,2002,12,car,Low Risk
925,55,male,2,own,little,little,6872,24,furniture/equipment,Low Risk
926,46,male,2,own,little,little,697,12,car,High Risk
927,21,female,2,rent,little,little,1049,18,furniture/equipment,Low Risk
928,39,male,2,free,little,little,10297,48,car,Low Risk
929,58,male,2,own,NA,NA,1867,30,radio/TV,High Risk
930,43,male,1,own,little,little,1344,12,car,Low Risk
931,24,male,1,own,little,little,1747,24,furniture/equipment,Low Risk
932,22,female,2,own,little,moderate,1670,9,radio/TV,Low Risk
933,30,male,2,own,little,NA,1224,9,car,Low Risk
934,42,male,2,own,quite rich,NA,522,12,radio/TV,Low Risk
935,23,female,2,own,little,little,1498,12,radio/TV,Low Risk
936,30,male,3,own,moderate,moderate,1919,30,radio/TV,Low Risk
937,28,female,1,own,little,rich,745,9,radio/TV,Low Risk
938,30,male,3,rent,little,moderate,2063,6,radio/TV,Low Risk
939,42,male,2,free,little,moderate,6288,60,education,Low Risk
940,46,male,3,own,NA,NA,6842,24,car,High Risk
941,45,male,3,own,NA,NA,3527,12,car,High Risk
942,31,male,1,own,little,NA,1546,10,car,Low Risk
943,31,male,2,own,NA,NA,929,24,furniture/equipment,Low Risk
944,42,male,1,own,little,NA,1455,4,car,Low Risk
945,46,female,2,rent,little,little,1845,15,furniture/equipment,Low Risk
946,30,female,2,own,quite rich,moderate,8358,48,car,Low Risk
947,30,male,2,free,quite rich,little,3349,24,furniture/equipment,High Risk
948,38,male,3,own,NA,NA,2859,12,car,Low Risk
949,43,male,1,own,little,NA,1533,18,furniture/equipment,Low Risk
950,31,male,2,own,moderate,NA,3621,24,radio/TV,Low Risk
951,40,male,0,own,little,moderate,3590,18,business,Low Risk
952,24,male,2,own,little,little,2145,36,business,Low Risk
953,28,female,2,rent,quite rich,moderate,4113,24,car,Low Risk
954,26,female,3,own,little,NA,10974,36,furniture/equipment,Low Risk
955,29,female,2,own,little,little,1893,12,car,High Risk
956,57,female,3,rent,rich,little,1231,24,radio/TV,Low Risk
957,49,male,1,own,NA,rich,3656,30,radio/TV,Low Risk
958,37,male,1,own,little,moderate,1154,9,radio/TV,Low Risk
959,45,male,1,own,little,little,4006,28,car,Low Risk
960,30,male,2,free,moderate,moderate,3069,24,furniture/equipment,Low Risk
961,30,male,2,rent,little,NA,1740,6,radio/TV,Low Risk
962,47,male,2,own,little,moderate,2353,21,car,Low Risk
963,29,male,2,own,NA,NA,3556,15,car,Low Risk
964,35,male,2,own,quite rich,NA,2397,24,radio/TV,Low Risk
965,22,male,1,own,little,moderate,454,6,repairs,Low Risk
966,26,female,2,own,NA,moderate,1715,30,radio/TV,Low Risk
967,23,male,1,own,quite rich,moderate,2520,27,radio/TV,Low Risk
968,54,female,3,rent,little,NA,3568,15,radio/TV,Low Risk
969,29,male,2,rent,NA,NA,7166,42,radio/TV,Low Risk
970,40,male,1,own,little,little,3939,11,car,High Risk
971,22,male,2,own,moderate,moderate,1514,15,repairs,Low Risk
972,43,male,1,own,little,NA,7393,24,car,Low Risk
973,29,female,0,rent,little,little,1193,24,car,High Risk
974,36,male,2,rent,little,little,7297,60,business,Low Risk
975,33,female,2,own,little,NA,2831,30,radio/TV,High Risk
976,57,female,1,own,quite rich,rich,1258,24,radio/TV,Low Risk
977,64,female,2,own,little,moderate,753,6,radio/TV,Low Risk
978,42,male,2,own,NA,moderate,2427,18,business,Low Risk
979,47,male,1,own,little,NA,2538,24,car,Low Risk
980,25,male,2,rent,moderate,moderate,1264,15,car,Low Risk
981,49,male,2,own,little,moderate,8386,30,furniture/equipment,Low Risk
982,33,male,3,rent,little,NA,4844,48,business,High Risk
983,28,female,3,own,moderate,rich,2923,21,car,Low Risk
984,26,male,2,own,little,little,8229,36,car,Low Risk
985,30,male,1,own,little,NA,2028,24,furniture/equipment,High Risk
986,25,female,2,rent,little,little,1433,15,furniture/equipment,Low Risk
987,33,male,2,own,little,rich,6289,42,business,Low Risk
988,64,female,2,own,moderate,NA,1409,13,radio/TV,High Risk
989,29,male,3,free,little,little,6579,24,car,Low Risk
990,48,male,1,own,little,moderate,1743,24,radio/TV,High Risk
991,37,male,1,own,NA,NA,3565,12,education,Low Risk
992,34,male,1,own,moderate,NA,1569,15,radio/TV,Low Risk
993,23,male,1,rent,NA,little,1936,18,radio/TV,Low Risk
994,30,male,3,own,little,little,3959,36,furniture/equipment,Low Risk
995,50,male,2,own,NA,NA,2390,12,car,Low Risk
996,31,female,1,own,little,NA,1736,12,furniture/equipment,Low Risk
997,40,male,3,own,little,little,3857,30,car,Low Risk
998,38,male,2,own,little,NA,804,12,radio/TV,Low Risk
999,23,male,2,free,little,little,1845,45,radio/TV,Low Risk
1000,27,male,2,own,moderate,moderate,4576,45,car,Low Risk
